handle,custom.seo_intro,custom.faqs,custom.related_collections,push,note
mattresses,"<p>Every MAYF Home mattress is designed for UAE homes and UAE heat. Shop hotel-grade pocket spring, cooling gel memory foam and natural latex in every local size, from a 90 × 200 cm single to a 200 × 200 cm super king.</p>
<p>Not sure where to start? See our <a href=""/collections/best-mattresses"">best mattresses</a> for each kind of sleeper, shop by size below, or take the 60-second <a href=""/pages/finder"">mattress finder</a>. Every mattress comes with free delivery to all seven emirates in 2–3 working days, a 100-night sleep trial and 4 interest-free payments with Tabby or Tamara.</p>
<p><strong>Which type suits you?</strong> Pocket-spring mattresses, like our <a href=""/collections/hotel-collection-mattresses"">Hotel Collection</a>, give even support and let air circulate. Gel <a href=""/collections/memory-foam-mattresses"">memory foam</a> moulds to your shape and relieves pressure at the shoulders and hips. <a href=""/collections/latex-mattresses-1"">Natural latex</a> is springy, breathable and naturally hypoallergenic. Use the filters to narrow by size, firmness and cooling, or compare two models side by side on our <a href=""/pages/compare"">compare page</a>.</p>","What mattress sizes are available in the UAE?|Single 90 × 190 or 90 × 200 cm, queen 150 × 200 or 160 × 200 cm, king 180 × 200 cm and super king 200 × 200 cm. See <a href=""/collections/king-mattresses"">king</a>, <a href=""/collections/super-king-mattresses"">super king</a>, <a href=""/collections/queen-mattresses"">queen</a> and <a href=""/collections/single-mattresses"">single</a> mattresses.
How long does mattress delivery take in the UAE?|Typically 2–3 working days to all seven emirates, and orders placed before 4pm are dispatched the same working day. Delivery is free and we carry the mattress to your room.
Can I return a mattress?|Yes. Every mattress has a 100-night sleep trial. After 21 nights, we'll collect it for a refund or one-time exchange (AED 250 collection charge). See the <a href=""/pages/returns-policy"">returns policy</a>.
Can I pay in instalments?|Yes. Split any mattress into 4 interest-free payments with Tabby or Tamara at checkout.
Which mattress is best for hot sleepers?|Pocket springs, natural latex and gel-infused memory foam all sleep cooler than dense traditional foam. Look for the Cooling filter.","best-mattresses, king-mattresses, super-king-mattresses, queen-mattresses, single-mattresses, hotel-collection-mattresses",yes,
king-mattresses,"<p>A king size mattress in the UAE is <strong>180 × 200 cm</strong>, the most popular size for master bedrooms. It gives two adults 90 cm each, the same width as a single, and fits the standard king bed frames sold across Dubai, Abu Dhabi and Sharjah.</p>
<p>Every mattress here comes in 180 × 200 cm. Choose from pocket-spring <a href=""/collections/hotel-collection-mattresses"">Hotel Collection</a> models (the firm Tight Top is rated 9/10), gel memory foam that sleeps cooler in UAE summers, and natural latex. Want more room? A <a href=""/collections/super-king-mattresses"">super king</a> is 200 × 200 cm.</p>
<p><strong>Delivery and trial.</strong> Free delivery to all seven emirates, typically in 2–3 working days, carried to the room of your choice. Every mattress comes with a 100-night sleep trial, and you can pay in 4 with Tabby or Tamara.</p>
<p><strong>Which feel?</strong> Back and front sleepers usually prefer the firmer tight top. Side sleepers usually prefer a euro top or gel memory foam, which give more at the shoulder and hip. Add a 180 cm <a href=""/collections/mattress-toppers"">topper</a> and a king <a href=""/collections/mattress-protectors"">protector</a> to complete the bed.</p>","What size is a king mattress in the UAE?|A king mattress in the UAE is 180 × 200 cm. It's the standard size for king bed frames sold here.
King vs super king: what's the difference?|A king is 180 × 200 cm and a <a href=""/collections/super-king-mattresses"">super king</a> is 200 × 200 cm, so the super king is 20 cm wider at the same length. A king suits most master bedrooms; a super king needs a wall of about 3.4 m or more.
King vs queen: which should I choose?|A king (180 × 200 cm) gives two adults 90 cm each. A <a href=""/collections/queen-mattresses"">queen</a> (150 × 200 cm) suits smaller rooms or one sleeper who wants extra space.
Is there an orthopaedic mattress in 180x200?|Yes. Our firmest 180 × 200 cm model is the Hotel Collection Tight Top, rated 9/10. See all <a href=""/collections/orthopedic-mattresses"">orthopaedic mattresses</a>. For a specific medical condition, ask your doctor what support you need.
What size topper and protector fit a king mattress?|Choose the 180 cm <a href=""/collections/mattress-toppers"">mattress topper</a> and a 200 × 180 cm <a href=""/collections/mattress-protectors"">mattress protector</a> with a 35 cm pocket.
How long does delivery take?|Mattresses typically arrive in 2–3 working days anywhere in the UAE, and orders placed before 4pm are dispatched the same working day. Delivery is free.","super-king-mattresses, queen-mattresses, orthopedic-mattresses, hotel-collection-mattresses",yes,
mattress-toppers,"<p>A mattress topper is the quickest way to change how your bed feels without replacing the mattress. Ours are <strong>5 cm, 300-thread-count microfibre toppers</strong> that soften a mattress that's become too firm and add a plush, hotel-bed layer on top. An elasticated skirt keeps them in place.</p>
<p>Pick the width that matches your mattress: 120 cm single, 150 cm small double, 160 cm double/queen, 180 cm king or 200 cm super king. In UAE humidity, pair it with a waterproof <a href=""/collections/mattress-protectors"">mattress protector</a> to keep sweat and spills out of both.</p>
<p>Delivered across the UAE in 2–3 working days, free on orders over AED 500. Pay in 4 with Tabby or Tamara.</p>
<p><strong>Topper or new mattress?</strong> A topper changes the feel of the surface, not the support underneath. It's the right fix when a mattress is in good shape but feels too firm, or when you're renting and can't replace the mattress. If yours sags or you can feel the springs, a <a href=""/collections/mattresses"">new mattress</a> is the better buy.</p>",,"mattress-protectors, bedding, duvets, mattresses",yes,FAQs are in the theme template — leave custom.faqs empty
hotel-collection-mattresses,"<p>A hotel collection mattress is built to the specification hotels use: an individually wrapped pocket-spring core, high-density foam edges that don't sag, and a quilted top made to take nightly use. The <strong>MAYF Hotel Collection</strong> brings that contract-grade build home, sold direct, in every UAE size from 90 × 200 to 200 × 200 cm.</p>
<p>Pick the feel first. The <strong>Tight Top</strong> is firm and even (rated 9/10) for back and front sleepers. The <strong>Euro Top</strong> adds a plush flush-sewn layer (8/10) that side sleepers tend to prefer. The <strong>Signature</strong> model has a full pillow top for the deepest 5-star feel. Buying for a hotel, serviced apartment or rental unit? The <strong>FR</strong> models use fire-retardant materials, and bulk orders are available.</p>
<p>Free delivery to all seven emirates in 2–3 working days, a 100-night sleep trial, and 4 interest-free payments with Tabby or Tamara.</p>
<p>Complete the bed with our <a href=""/collections/the-hotel-bedroom"">Hotel Bedroom</a> edit: 300TC duvets, hotel pillows and toppers chosen to match.</p>","What is a hotel collection mattress?|It's a mattress built to hotel specification: an individually wrapped pocket-spring core, reinforced edges and a durable quilted top. It gives the supportive, even feel you remember from a good hotel bed.
What's the difference between a tight top and a euro top?|A tight top has a quilted surface sewn flush to the mattress for a firmer, even feel; ours is rated 9/10. A euro top adds a plush layer over the springs for a softer first touch (8/10) with the same support underneath.
Which hotel mattress is best for back sleepers?|Back and front sleepers usually prefer the firmer Hotel Collection Tight Top. Side sleepers usually prefer the Euro Top or the Signature pillow top. If you have a medical condition, ask your doctor what support you need.
Do you supply hotels and serviced apartments?|Yes. The FR Tight Top and FR Euro Top use fire-retardant materials for properties with fire-safety requirements, and we take bulk orders. Message us on WhatsApp for a quote.
What sizes does the Hotel Collection come in?|From 90 × 200 cm single to 200 × 200 cm <a href=""/collections/super-king-mattresses"">super king</a>, including 120, 150, 160 and 180 × 200 cm.
Can I try a hotel mattress at home?|Yes. Every mattress has a 100-night sleep trial. Sleep on it for at least 21 nights, and if it isn't right we'll collect it for a refund or one-time exchange (AED 250 collection charge). See the <a href=""/pages/returns-policy"">returns policy</a>.","the-hotel-bedroom, super-king-mattresses, king-mattresses, best-mattresses",after collection is created,
best-mattresses,"<p>The best mattress in the UAE is the one that suits how you sleep and copes with the heat. So instead of one ""number one"", we've picked the best mattress for each kind of sleeper: back and front sleepers, side sleepers, hot sleepers, couples, kids, and anyone who wants a 5-star hotel bed at home.</p>
<p>Every pick is one we stand behind: free delivery across the UAE in 2–3 working days, a 100-night sleep trial so you can decide at home rather than in a showroom, and 4 interest-free payments with Tabby or Tamara. Below each mattress you'll see who it's best for. Still torn? Read our guide to <a href=""/blogs/guides/best-mattress-in-uae"">choosing the best mattress in the UAE</a>, or take the 60-second <a href=""/pages/finder"">mattress finder</a>.</p>
<p><strong>How we pick.</strong> We look at three things: support for the way you sleep, how the materials cope with UAE heat, and honest value for the price. Back and front sleepers need a firmer surface to keep the spine level. Side sleepers need give at the shoulder and hip. Hot sleepers need springs, latex or gel foam that let air move.</p>","What is the best mattress in the UAE?|There isn't one best mattress for everyone. Back and front sleepers usually do best on a firm pocket-spring mattress, side sleepers on medium, and hot sleepers on latex or gel foam. Our picks above are labelled by sleeper type.
What is the best mattress for hot sleepers in the UAE?|Look for pocket springs, natural latex or gel-infused memory foam. They let air move and hold less heat than dense traditional foam. See our <a href=""/blogs/guides/cooling-gel-mattress-uae"">cooling mattress guide</a>.
Which mattress is best for back pain?|No mattress can treat back pain, and needs differ, so speak to your doctor or physiotherapist first. Many people find a firmer, even surface more comfortable; see our <a href=""/collections/orthopedic-mattresses"">orthopaedic mattresses</a>.
How do I choose between mattress brands in the UAE?|Compare what's inside (spring type, foam density, latex content), the trial period, the warranty and the delivery terms rather than the brand name. Every MAYF mattress has a 100-night trial and free UAE delivery.
Can I return a mattress if it doesn't suit me?|Yes. Sleep on it for at least 21 nights, and within 100 nights we'll collect it for a refund or one-time exchange (AED 250 collection charge). See the <a href=""/pages/returns-policy"">returns policy</a>.","hotel-collection-mattresses, super-king-mattresses, king-mattresses, latex-mattresses-1",after collection is created,
queen-mattresses,"<p>In the UAE a queen size mattress is usually <strong>150 × 200 cm</strong>, and many bed frames here also take <strong>160 × 200 cm</strong>. We stock both. A queen is the practical choice for a second bedroom, a smaller master bedroom or a single sleeper who wants room to stretch.</p>
<p>Choose from pocket-spring <a href=""/collections/hotel-collection-mattresses"">Hotel Collection</a> models, cooling gel memory foam and natural latex, all in queen sizes. Measure the inside of your bed frame before you order: 150 and 160 cm frames aren't interchangeable.</p>
<p><strong>Delivery and trial.</strong> Free delivery across the UAE, typically in 2–3 working days. Every mattress has a 100-night sleep trial, and you can pay in 4 with Tabby or Tamara.</p>
<p><strong>Which feel?</strong> Back and front sleepers usually prefer the firmer Hotel Collection tight top. Side sleepers usually prefer a euro top or gel memory foam. Add a matching 150 or 160 cm <a href=""/collections/mattress-toppers"">topper</a> and a <a href=""/collections/mattress-protectors"">mattress protector</a>, sized to the same width.</p>","What size is a queen mattress in the UAE?|A queen mattress in the UAE is usually 150 × 200 cm. Some frames sold here as queen or double take 160 × 200 cm, and we stock both.
Queen vs king: which is right for me?|A queen (150 × 200 cm) suits one sleeper or a smaller room. For two adults, a <a href=""/collections/king-mattresses"">king (180 × 200 cm)</a> gives each person 90 cm.
Will a 160x200 mattress fit a 150x200 bed frame?|No. A 160 cm mattress won't sit flat in a 150 cm frame, and a 150 cm mattress will slide around in a 160 cm frame. Measure the inside of your frame first.
What size topper fits a queen mattress?|Choose the 150 cm <a href=""/collections/mattress-toppers"">topper</a> for a 150 × 200 cm mattress, or the 160 cm topper for 160 × 200 cm.
Can I return a queen mattress?|Yes. Every mattress has a 100-night sleep trial: sleep on it for at least 21 nights, and if it isn't right we'll collect it for a refund or one-time exchange. An AED 250 collection charge applies. See the <a href=""/pages/returns-policy"">returns policy</a>.","king-mattresses, single-mattresses, mattress-toppers, best-mattresses",yes,
mattress-protectors,"<p>A waterproof mattress protector is the cheapest insurance for your most expensive piece of bedroom furniture. In the UAE, dust, humidity and sweat all shorten a mattress's life, and a stained mattress can't be returned under a sleep trial. Our protectors use a breathable membrane that stays silent, with deep fitted pockets from single to super king.</p>
<p>Match the size to your mattress: single 90 × 190, small double 120 × 200, queen 150 × 200, double 160 × 200, king 180 × 200 and super king 200 × 200 cm. Adding comfort too? Pair it with a <a href=""/collections/mattress-toppers"">mattress topper</a>.</p>",,"mattress-toppers, bedding, mattresses",HOLD,FAQs are in the theme template — leave custom.faqs empty
super-king-mattresses,"<p>A super king mattress in the UAE measures <strong>200 × 200 cm</strong>. That's 20 cm wider than a <a href=""/collections/king-mattresses"">king (180 × 200 cm)</a> at the same length, and it's the difference between sharing a bed and actually having room in it. It's the size most people ask us for in master bedrooms, from Dubai villas to larger apartments in Abu Dhabi and Sharjah.</p>
<p>Every mattress on this page comes in 200 × 200 cm: pocket-spring <a href=""/collections/hotel-collection-mattresses"">Hotel Collection</a> models with a tight top or euro top, gel memory foam for people who sleep hot, and natural latex.</p>
<p><strong>Will it fit your room?</strong> Allow roughly 60–70 cm of walking space on each side and at the foot of the bed. With a bed frame, that usually means a wall of about 3.4 m or more. Check lift, corridor and door widths as well: our team carries the mattress to the room of your choice, but it has to fit through the door.</p>
<p><strong>Delivery and trial.</strong> Free delivery across all seven emirates, typically in 2–3 working days, and orders placed before 4pm are dispatched the same working day. Every mattress includes a 100-night sleep trial, and you can split the cost into 4 payments with Tabby or Tamara.</p>","What size is a super king mattress in the UAE?|In the UAE a super king mattress is 200 × 200 cm. A king is 180 × 200 cm, so a super king gives you 20 cm more width at the same length.
Super king vs king size: which should I choose?|Choose a super king if two adults share the bed, a child or pet often joins you, or your bedroom wall is about 3.4 m or wider. A <a href=""/collections/king-mattresses"">king (180 × 200 cm)</a> suits most master bedrooms in UAE apartments.
Will a 200x200 mattress fit my bed frame?|It will if the frame is sold as super king or 200 × 200 cm. Measure the inside of the frame: it should be 200 × 200 cm, give or take a centimetre. Check the mattress size listed on the bed's product page.
How long does delivery take to Dubai, Abu Dhabi and Sharjah?|Mattresses typically arrive in 2–3 working days in Dubai, Abu Dhabi, Sharjah and Ajman. Orders placed before 4pm are dispatched the same working day. Umm Al Quwain, Ras Al Khaimah and Fujairah may take a day longer. Delivery is free.
Can I return a super king mattress if it doesn't suit me?|Yes. Every mattress has a 100-night sleep trial. Sleep on it for at least 21 nights, and if it still isn't right we'll collect it for a refund or a one-time exchange. A collection charge of AED 250 applies. See our <a href=""/pages/returns-policy"">returns policy</a>.
Which firmness should I choose?|Back and front sleepers usually do best on a medium-firm to firm mattress; our Hotel Collection Tight Top is rated 9/10. Side sleepers usually prefer medium, such as a euro top or gel memory foam. Not sure? Try our <a href=""/pages/finder"">mattress finder</a>.","king-mattresses, hotel-collection-mattresses, best-mattresses, mattress-toppers",yes,
single-mattresses,"<p>A single mattress in the UAE comes in two lengths: <strong>90 × 200 cm</strong>, the most common size for adult single beds, and <strong>90 × 190 cm</strong>, often used for children's and bunk beds. Check which length your frame takes before you order.</p>
<p>Our 90 × 200 cm range includes the pocket-spring <a href=""/collections/hotel-collection-mattresses"">Hotel Collection</a>, cooling gel memory foam and natural latex. The <a href=""/collections/kids"">kids' mattresses</a> also come in 90 × 190 cm. Buying for a guest room or a teenager? A firmer pocket-spring single will last longest.</p>
<p><strong>Delivery and trial.</strong> Free delivery across all seven emirates, typically in 2–3 working days, with a 100-night sleep trial on every mattress.</p>
<p><strong>Growing up?</strong> If there's space, a 120 × 200 cm small double or a <a href=""/collections/queen-mattresses"">queen</a> gives teenagers and guests more room. Most of our adult models come in 120 × 200 cm as well. Remember to size your sheets and <a href=""/collections/mattress-protectors"">protector</a> to the same length.</p>","What size is a single mattress in the UAE?|Singles are 90 cm wide and come in two lengths: 90 × 200 cm, the most common for adults, and 90 × 190 cm, often used for kids' and bunk beds.
Do you sell 90x190 mattresses?|Yes. Our kids' mattresses come in 90 × 190 cm, and most of our adult models come in 90 × 200 cm. Each product page lists every size available.
Which single mattress is best for a child?|Children do well on a medium, supportive mattress. See our <a href=""/collections/kids"">kids' mattresses</a>, and add a waterproof <a href=""/collections/mattress-protectors"">mattress protector</a> from night one.
Do single mattresses get free delivery?|Yes. Every mattress is delivered free across the UAE, typically in 2–3 working days.","queen-mattresses, shop-by-size, kids, mattress-protectors",yes,
medical-mattresses,"<p>In the UAE, ""medical mattress"" usually means a <strong>firm, supportive mattress</strong> that keeps the spine level instead of letting you sink in. That's what you'll find here: firm pocket-spring mattresses with high-density foam edges, from 90 × 200 to 200 × 200 cm.</p>
<p>A medical mattress isn't a medical device, and no mattress treats a health condition. If you have back, neck or joint pain, ask your doctor or physiotherapist what kind of support they recommend, then choose the firmness that matches. Our Hotel Collection Tight Top is rated 9/10 firm. For a slightly softer surface with the same support, see our <a href=""/collections/orthopedic-mattresses"">orthopaedic mattresses</a>.</p>
<p>Free delivery across all seven emirates, a 100-night sleep trial, and 4 interest-free payments with Tabby or Tamara.</p>
<p><strong>Check the size and height.</strong> Firmer mattresses are usually deeper. If you or someone you care for finds it hard to get in and out of bed, check the mattress height on the product page against your bed frame, and message us on WhatsApp if you're unsure.</p>","What is a medical mattress?|In the UAE the term usually means a firm, supportive mattress that keeps the spine level. It isn't a medical device, and it can't treat a condition.
What's the difference between a medical and an orthopaedic mattress?|The terms overlap. ""Medical"" usually means the firmest option; ""orthopaedic"" covers firm to medium-firm mattresses designed for even support. See our <a href=""/blogs/guides/orthopedic-vs-medical-mattress"">orthopaedic vs medical mattress guide</a>.
What does ""medicated mattress"" mean?|It's a local term, used loosely for firm or hygienic mattresses. There's no standard definition, so ask us exactly what's inside any mattress before you buy.
Is a medical mattress good for back pain?|Many people with back pain find a firm, even surface more comfortable, but needs differ. Speak to your doctor or physiotherapist about the support that's right for you.
How much is a medical mattress in the UAE?|Prices depend on size. Each product shows its live price for every size from 90 × 200 to 200 × 200 cm, and you can split the cost into 4 payments with Tabby or Tamara.","orthopedic-mattresses, firm-mattresses, hotel-collection-mattresses, king-mattresses",after collection is created,
orthopedic-mattresses,"<p>An orthopaedic (or orthopedic) mattress gives firm, even support so your hips and shoulders don't sink out of line with your spine. Ours use an individually wrapped pocket-spring core with high-density foam edges, in every UAE size from 90 × 200 to 200 × 200 cm.</p>
<p>Choose your level of firmness. The Hotel Collection <strong>Tight Top</strong> (9/10) is the firmest and suits back and front sleepers. The <strong>Euro Top</strong> (8/10) adds a plush layer for side sleepers who still want firm support underneath. For the very firmest options, see <a href=""/collections/medical-mattresses"">medical mattresses</a>.</p>
<p>A mattress isn't a treatment, so if you have a back or joint condition, ask your doctor or physiotherapist what they recommend. Every mattress includes free UAE delivery and a 100-night sleep trial.</p>
<p><strong>Not sure how firm to go?</strong> If you sleep on your side, a surface that's too hard can press on the shoulder and hip. That's where the euro top helps. Use the 100-night trial: give it at least 21 nights, because your body takes a few weeks to adjust.</p>","What is an orthopaedic mattress?|A mattress that gives firm, even support so your spine stays level while you sleep. Ours use a pocket-spring core with reinforced edges.
Orthopedic or orthopaedic: is there a difference?|No, it's the same thing. ""Orthopaedic"" is the British spelling and ""orthopedic"" the American one.
Is an orthopaedic mattress good for back pain?|Many people with back pain find firmer support more comfortable, but everyone is different. Speak to your doctor or physiotherapist, and use the 100-night trial to be sure.
Tight top or euro top: which is more orthopaedic?|Both have the same pocket-spring support. The tight top (9/10) is firmer on the surface; the euro top (8/10) adds a softer layer on top.
Do you have an orthopaedic mattress in 180x200?|Yes. Every model here comes in 180 × 200 cm <a href=""/collections/king-mattresses"">king</a> and 200 × 200 cm <a href=""/collections/super-king-mattresses"">super king</a>, as well as smaller sizes.","medical-mattresses, firm-mattresses, king-mattresses, super-king-mattresses",yes,
shop-by-size,,,"single-mattresses, queen-mattresses, king-mattresses, super-king-mattresses",yes,
the-hotel-bedroom,,,"hotel-collection-mattresses, duvets, pillows, bundles-sets",yes,
