handle,title,type,rule,theme_template,seo_title,seo_description,intro_html,faqs,related_collections,verify
hotel-collection-mattresses,Hotel Collection Mattresses,smart,"Product title contains ""Hotel Collection"" AND Product tag is equal to ""mattress"" (all conditions)",hotel,Hotel Collection Mattress UAE | 5-Star Feel | MAYF Home,"Hotel collection mattresses in the UAE: pocket spring tight top, euro top & fire-retardant models, 90x200 to 200x200. Free delivery, 100-night trial.","<p>A hotel collection mattress is built to the specification hotels use: an individually wrapped pocket-spring core, high-density foam edges that don't sag, and a quilted top made to take nightly use. The <strong>MAYF Hotel Collection</strong> brings that contract-grade build home, sold direct, in every UAE size from 90 × 200 to 200 × 200 cm.</p>
<p>Pick the feel first. The <strong>Tight Top</strong> is firm and even (rated 9/10) for back and front sleepers. The <strong>Euro Top</strong> adds a plush flush-sewn layer (8/10) that side sleepers tend to prefer. The <strong>Signature</strong> model has a full pillow top for the deepest 5-star feel. Buying for a hotel, serviced apartment or rental unit? The <strong>FR</strong> models use fire-retardant materials, and bulk orders are available.</p>
<p>Free delivery to all seven emirates in 2–3 working days, a 100-night sleep trial, and 4 interest-free payments with Tabby or Tamara.</p>
<p>Complete the bed with our <a href=""/collections/the-hotel-bedroom"">Hotel Bedroom</a> edit: 300TC duvets, hotel pillows and toppers chosen to match.</p>","What is a hotel collection mattress?|It's a mattress built to hotel specification: an individually wrapped pocket-spring core, reinforced edges and a durable quilted top. It gives the supportive, even feel you remember from a good hotel bed.
What's the difference between a tight top and a euro top?|A tight top has a quilted surface sewn flush to the mattress for a firmer, even feel; ours is rated 9/10. A euro top adds a plush layer over the springs for a softer first touch (8/10) with the same support underneath.
Which hotel mattress is best for back sleepers?|Back and front sleepers usually prefer the firmer Hotel Collection Tight Top. Side sleepers usually prefer the Euro Top or the Signature pillow top. If you have a medical condition, ask your doctor what support you need.
Do you supply hotels and serviced apartments?|Yes. The FR Tight Top and FR Euro Top use fire-retardant materials for properties with fire-safety requirements, and we take bulk orders. Message us on WhatsApp for a quote.
What sizes does the Hotel Collection come in?|From 90 × 200 cm single to 200 × 200 cm <a href=""/collections/super-king-mattresses"">super king</a>, including 120, 150, 160 and 180 × 200 cm.
Can I try a hotel mattress at home?|Yes. Every mattress has a 100-night sleep trial. Sleep on it for at least 21 nights, and if it isn't right we'll collect it for a refund or one-time exchange (AED 250 collection charge). See the <a href=""/pages/returns-policy"">returns policy</a>.","the-hotel-bedroom, super-king-mattresses, king-mattresses, best-mattresses","Signature Hotel product description says ""10 night trial"" — the returns policy says 100 nights; fix the product copy | FR models meet BS 7177 (per product copy) — keep certificate on file"
best-mattresses,Best Mattresses in the UAE,manual,"Manual collection. Suggested picks and their custom.best_for label: Hotel Collection Tight Top = ""Back & front sleepers"" · Hotel Collection Euro Top = ""Side sleepers"" · Signature Hotel Collection = ""The 5-star hotel feel"" · Cool Fusion Gel Euro Top = ""Hot sleepers"" · Nature's Haven Latex Tight Top = ""Natural materials"" · Cooling Gel Memory = ""Couples (motion isolation)"" · Kids Gel Visco = ""Kids"" [VERIFY every pick and label]",best,Best Mattresses in UAE 2026 | Editor's Picks | MAYF Home,"Our pick of the best mattresses in the UAE for back, side and hot sleepers. Free delivery in 2–3 days, 100-night trial, pay in 4 with Tabby or Tamara.","<p>The best mattress in the UAE is the one that suits how you sleep and copes with the heat. So instead of one ""number one"", we've picked the best mattress for each kind of sleeper: back and front sleepers, side sleepers, hot sleepers, couples, kids, and anyone who wants a 5-star hotel bed at home.</p>
<p>Every pick is one we stand behind: free delivery across the UAE in 2–3 working days, a 100-night sleep trial so you can decide at home rather than in a showroom, and 4 interest-free payments with Tabby or Tamara. Below each mattress you'll see who it's best for. Still torn? Read our guide to <a href=""/blogs/guides/best-mattress-in-uae"">choosing the best mattress in the UAE</a>, or take the 60-second <a href=""/pages/finder"">mattress finder</a>.</p>
<p><strong>How we pick.</strong> We look at three things: support for the way you sleep, how the materials cope with UAE heat, and honest value for the price. Back and front sleepers need a firmer surface to keep the spine level. Side sleepers need give at the shoulder and hip. Hot sleepers need springs, latex or gel foam that let air move.</p>","What is the best mattress in the UAE?|There isn't one best mattress for everyone. Back and front sleepers usually do best on a firm pocket-spring mattress, side sleepers on medium, and hot sleepers on latex or gel foam. Our picks above are labelled by sleeper type.
What is the best mattress for hot sleepers in the UAE?|Look for pocket springs, natural latex or gel-infused memory foam. They let air move and hold less heat than dense traditional foam. See our <a href=""/blogs/guides/cooling-gel-mattress-uae"">cooling mattress guide</a>.
Which mattress is best for back pain?|No mattress can treat back pain, and needs differ, so speak to your doctor or physiotherapist first. Many people find a firmer, even surface more comfortable; see our <a href=""/collections/orthopedic-mattresses"">orthopaedic mattresses</a>.
How do I choose between mattress brands in the UAE?|Compare what's inside (spring type, foam density, latex content), the trial period, the warranty and the delivery terms rather than the brand name. Every MAYF mattress has a 100-night trial and free UAE delivery.
Can I return a mattress if it doesn't suit me?|Yes. Sleep on it for at least 21 nights, and within 100 nights we'll collect it for a refund or one-time exchange (AED 250 collection charge). See the <a href=""/pages/returns-policy"">returns policy</a>.","hotel-collection-mattresses, super-king-mattresses, king-mattresses, latex-mattresses-1","Editor's picks and best_for labels | ""Couples (motion isolation)"" for Cooling Gel Memory (features list says Pressure Relief, not motion isolation — pick a label the product supports)"
medical-mattresses,Medical Mattresses,smart,"Product tag is equal to ""medical"". Add the tag to: Hotel Collection Tight Top, Hotel Collection FR Tight Top [VERIFY with the owner which models count as medical]",default,"Medical Mattress UAE | Firm, Free Delivery | MAYF Home","Firm, supportive medical mattresses in the UAE, 90x200 to 200x200 cm. Pocket spring core, free delivery in 2–3 days and a 100-night trial.","<p>In the UAE, ""medical mattress"" usually means a <strong>firm, supportive mattress</strong> that keeps the spine level instead of letting you sink in. That's what you'll find here: firm pocket-spring mattresses with high-density foam edges, from 90 × 200 to 200 × 200 cm.</p>
<p>A medical mattress isn't a medical device, and no mattress treats a health condition. If you have back, neck or joint pain, ask your doctor or physiotherapist what kind of support they recommend, then choose the firmness that matches. Our Hotel Collection Tight Top is rated 9/10 firm. For a slightly softer surface with the same support, see our <a href=""/collections/orthopedic-mattresses"">orthopaedic mattresses</a>.</p>
<p>Free delivery across all seven emirates, a 100-night sleep trial, and 4 interest-free payments with Tabby or Tamara.</p>
<p><strong>Check the size and height.</strong> Firmer mattresses are usually deeper. If you or someone you care for finds it hard to get in and out of bed, check the mattress height on the product page against your bed frame, and message us on WhatsApp if you're unsure.</p>","What is a medical mattress?|In the UAE the term usually means a firm, supportive mattress that keeps the spine level. It isn't a medical device, and it can't treat a condition.
What's the difference between a medical and an orthopaedic mattress?|The terms overlap. ""Medical"" usually means the firmest option; ""orthopaedic"" covers firm to medium-firm mattresses designed for even support. See our <a href=""/blogs/guides/orthopedic-vs-medical-mattress"">orthopaedic vs medical mattress guide</a>.
What does ""medicated mattress"" mean?|It's a local term, used loosely for firm or hygienic mattresses. There's no standard definition, so ask us exactly what's inside any mattress before you buy.
Is a medical mattress good for back pain?|Many people with back pain find a firm, even surface more comfortable, but needs differ. Speak to your doctor or physiotherapist about the support that's right for you.
How much is a medical mattress in the UAE?|Prices depend on size. Each product shows its live price for every size from 90 × 200 to 200 × 200 cm, and you can split the cost into 4 payments with Tabby or Tamara.","orthopedic-mattresses, firm-mattresses, hotel-collection-mattresses, king-mattresses","Which products get the ""medical"" tag | Current ""from"" price if you add one to the copy"
