type,handle,seo_title,seo_description,h1,priority,status,push,verify
collection,mattresses,Mattresses UAE | Free Delivery & 100-Night Trial | MAYF Home,"Shop single, queen, king & super king mattresses in the UAE: hotel pocket spring, gel memory foam & latex. Free delivery in 2–3 days, Tabby & Tamara.",Mattresses,1,existing,yes,"""Tabby & Tamara"" available on all mattresses"
collection,king-mattresses,King Size Mattress 180x200 UAE | Free Delivery | MAYF Home,"King size 180x200 cm mattresses in the UAE: pocket spring, gel memory foam & latex. Free delivery in 2–3 days, 100-night trial, Tabby & Tamara.",King Size Mattresses 180x200,2,existing,yes,"Legacy ""King"" variants (Signature Hotel, Cooling Gel, Latex Natural) are 180x200 cm"
collection,mattress-toppers,"Mattress Toppers UAE | 300TC Microfibre, 5 Sizes | MAYF Home","5cm 300TC microfibre mattress toppers in the UAE, 120 cm to 200 cm super king. Delivered in 2–3 days, free over AED 500. Pay with Tabby or Tamara.",Mattress Toppers,3,existing,yes,"The range is 300TC microfibre only. The brief's ""Memory Foam, Latex & Cooling"" title isn't used because there are no memory foam or latex toppers — add them to the title if they're stocked"
collection,hotel-collection-mattresses,Hotel Collection Mattress UAE | 5-Star Feel | MAYF Home,"Hotel collection mattresses in the UAE: pocket spring tight top, euro top & fire-retardant models, 90x200 to 200x200. Free delivery, 100-night trial.",Hotel Collection Mattresses,3,new,after collection is created,"Signature Hotel product description says ""10 night trial"" — the returns policy says 100 nights; fix the product copy | FR models meet BS 7177 (per product copy) — keep certificate on file"
collection,best-mattresses,Best Mattresses in UAE 2026 | Editor's Picks | MAYF Home,"Our pick of the best mattresses in the UAE for back, side and hot sleepers. Free delivery in 2–3 days, 100-night trial, pay in 4 with Tabby or Tamara.",Best Mattresses in the UAE,4,new,after collection is created,"Editor's picks and best_for labels | ""Couples (motion isolation)"" for Cooling Gel Memory (features list says Pressure Relief, not motion isolation — pick a label the product supports)"
collection,latex-mattresses-1,"Latex Mattress UAE | Natural, Free Delivery | MAYF Home","Natural latex mattresses in the UAE: cooler, hypoallergenic and supportive, 90x200 to 200x200. Free delivery in 2–3 days, 100-night trial, Tabby & Tamara.",Latex Mattresses,5,existing,yes,"Latex handle decision (see Phase 1): if the collection is renamed to latex-mattresses, change the handle here"
collection,queen-mattresses,Queen Size Mattress UAE 150x200 | Free Delivery | MAYF Home,"Queen size mattresses in the UAE in 150x200 and 160x200 cm. Pocket spring, gel memory foam & latex. Free delivery, 100-night trial, Tabby & Tamara.",Queen Size Mattresses 150x200 & 160x200,6,existing,yes,"UAE ""queen"" = 150x200; 160x200 is listed as queen/double — confirm how MAYF names 160x200 | Legacy ""Queen"" variant dimensions"
collection,mattress-protectors,Waterproof Mattress Protector UAE | All Sizes | MAYF Home,"Noiseless, breathable waterproof mattress protectors in the UAE, single to super king with deep pockets. Delivered in 2–3 days, free over AED 500.",Waterproof Mattress Protectors,7,existing,HOLD,"CATALOGUE GAP — the only product (LUNA PRIME) is a DRAFT, so the collection is empty on the storefront. Don't push this metadata or promote the page until protectors are in stock and published. The current live SEO description claims ""Free UAE delivery. From AED 35."" but delivery is only free over AED 500"
collection,memory-foam-mattresses,Memory Foam Mattress UAE | Cooling Gel | MAYF Home,"Gel memory foam mattresses in the UAE that relieve pressure and sleep cooler. All sizes to 200x200. Free delivery, 100-night trial, Tabby & Tamara.",Memory Foam Mattresses,8,existing,yes,
collection,super-king-mattresses,Super King Mattress UAE 200x200 | Free Delivery | MAYF Home,"Super king 200x200 cm mattresses in the UAE: hotel pocket spring, cooling gel & latex. Free delivery in 2–3 days, 100-night trial, Tabby & Tamara.",Super King Mattresses 200x200,9,existing,yes,"Legacy ""Super King"" variants (Signature Hotel, Cooling Gel, Latex Natural) are 200x200 cm | 100-night trial applies to every mattress on the page"
collection,single-mattresses,Single Mattress 90x200 UAE | Free Delivery | MAYF Home,"Single mattresses in the UAE in 90x200 and 90x190 cm, for kids, guests and single beds. Pocket spring, foam & latex. Free delivery, 100-night trial.",Single Mattresses 90x200 & 90x190,10,existing,yes,"Legacy ""Single"" variant dimensions (90x190 or 90x200?) | ""Super Single"" dimensions"
collection,medical-mattresses,"Medical Mattress UAE | Firm, Free Delivery | MAYF Home","Firm, supportive medical mattresses in the UAE, 90x200 to 200x200 cm. Pocket spring core, free delivery in 2–3 days and a 100-night trial.",Medical Mattresses,11,new,after collection is created,"Which products get the ""medical"" tag | Current ""from"" price if you add one to the copy"
collection,orthopedic-mattresses,Orthopedic Mattress UAE | Firm Pocket Spring | MAYF Home,"Orthopaedic mattresses in the UAE with firm, even support: pocket spring tight top and euro top, 90x200 to 200x200. Free delivery, 100-night trial.",Orthopaedic Mattresses,12,existing,yes,"The collection has 0 products — tag ""orthopedic"" on Hotel Collection Tight Top, Euro Top, FR Tight Top, FR Euro Top [VERIFY the list] before pushing this copy"
collection,firm-mattresses,Firm Mattress UAE | Pocket Spring Support | MAYF Home,"Firm mattresses in the UAE for back and front sleepers: pocket spring with a 9/10 tight top. All sizes. Free delivery, 100-night trial, Tabby & Tamara.",Firm Mattresses,15,existing,yes,"Only product with the Firm tag is a DRAFT, so the page is empty. Tag Hotel Collection Tight Top (9/10) 'Firm' before pushing"
collection,medium-firm-mattresses,Medium Firm Mattress UAE | Free Delivery | MAYF Home,"Medium firm mattresses in the UAE, balanced support for most people: hotel pocket spring and natural latex. Free delivery, 100-night trial, Tabby & Tamara.",Medium Firm Mattresses,16,existing,yes,
collection,pocket-spring-mattresses,Pocket Spring Mattress UAE | Hotel Collection | MAYF Home,"Pocket spring mattresses in the UAE with individually wrapped springs for support and less partner disturbance. All sizes. Free delivery, 100-night trial.",Pocket Spring Mattresses,17,existing,yes,
collection,hybrid-mattresses,Hybrid Mattress UAE | Springs + Foam | MAYF Home,"Hybrid mattresses in the UAE combine pocket springs with comfort foam. All sizes. Free delivery in 2–3 days, 100-night sleep trial, Tabby & Tamara.",Hybrid Mattresses,18,existing,yes,"HOLD — all 3 hybrid products are DRAFT, so the collection is empty. Don't push until one is published"
collection,bedding,"Bedding UAE | 300TC Duvets, Sheets & Pillows | MAYF Home","Hotel-quality 300TC bedding in the UAE: duvets, covers, sheets, toppers and pillows. Delivered in 2–3 days, free over AED 500. Pay with Tabby or Tamara.",Bedding,19,existing,yes,Current live description says 'Free UAE delivery. From AED 10.' — delivery is only free over AED 500
collection,pillows,Pillows UAE | Hotel Microfibre & Bamboo | MAYF Home,"Hotel-style microfibre and bamboo pillows in the UAE, 50×70 cm, soft to supportive. Delivered in 2–3 days, free over AED 500. Tabby & Tamara.",Pillows,20,existing,yes,Current live description says 'Free delivery' without the AED 500 threshold
collection,pillow-cases,Pillow Cases UAE | 300TC Cotton-Blend | MAYF Home,"Smooth 300TC pillow cases in the UAE, 50×75 cm, five colours, singles or 2-piece sets. Delivered in 2–3 days, free over AED 500.",Pillow Cases,21,existing,yes,Current live description says 'Free delivery. From AED 10.' — delivery is only free over AED 500
collection,duvets,"Duvets UAE | 300TC Microfibre, All Sizes | MAYF Home","233TC and 300TC microfibre duvets in the UAE, single to super king. Delivered in 2–3 days, free over AED 500. Pay with Tabby or Tamara.",Duvets,22,existing,yes,Not in the brief's list; added because the live description promises free delivery with no AED 500 threshold
collection,duvet-covers,"Duvet Covers UAE | 300TC, 5 Colours | MAYF Home","Smooth 300TC duvet covers in the UAE, single to super king, five colours with button closure. Delivered in 2–3 days, free over AED 500.",Duvet Covers,23,existing,yes,Not in the brief's list; added for the same delivery-claim fix
collection,bed-sheets,Bed Sheets UAE | 300TC Flat Sheets | MAYF Home,"Silky 300TC flat bed sheets in the UAE, single to super king. Delivered in 2–3 days, free over AED 500. Pay with Tabby or Tamara.",Bed Sheets,24,existing,yes,Not in the brief's list; added for the same delivery-claim fix. NB: all 5 bed-sheet products are DRAFT
